COUNTYFP,NEVER,RARELY,SOMETIMES,FREQUENTLY,ALWAYS
17197,0.040999999999999995,0.024,0.062,0.134,0.7390000000000001
